id,polarization
tur_51d5ae56681ac60f71111d88cce7c322,0
tur_a942b7b57ea21f83cba49c05b3a8dc06,0
tur_2560161367a0747f32070ba1a54be275,1
tur_2a45e8c804463256a9dc04328fa867c1,0
tur_77bd1dd03a347a23f64ae022ad17f53a,1
tur_ad585591cb519e07dbe602ce07c390fc,1
tur_f376d5c18b33dd5056271da352c400b4,1
tur_2ae6522870f36f45c728cff04d381fdc,0
tur_f0cf95b93214f3a7030187151b2ad23f,0
tur_e93d64ab0054e0c3b4920f0e191c3022,1
tur_fd3f90c54829e5139011569d8114d308,0
tur_d0dc12522d7ef1ba6e5f343865d5b45c,0
tur_9da44e7ce726df6dc7c4fb60d8fa1635,1
tur_240e1ff817fb951c22ad0fdd7e7bcf6a,1
tur_f6f8ebd3305b20989fa12c6e9683111b,0
tur_080f67be592af70cf001b829042b52c8,1
tur_ea1f66195f9545aa2b5673b4ffecece0,0
tur_e881c3fae79d3cf509586a7d32d512e9,1
tur_1a2a0131812fc10af16e6968ca6da034,1
tur_4fe1fd9331d42b4aa2f6266bcf9cc4c5,1
tur_7150ceda66aa57e519c5ea01768b6120,0
tur_3626c3cbc3941a0b3b3f07962b767e50,1
tur_5630b833d5f9babe11e956df4ab5cdac,0
tur_863de8bfa04c6010867cfd483a8e153d,1
tur_eed51f2abbd8e6525fae130dd3f12552,0
tur_267e30fbc0bfad822e73fea64dff40d4,1
tur_ea5a95b8344e307e5657b19b9660c5f7,1
tur_d477f5efe4134cc481b4fc5c163d333f,1
tur_162aeffed9905d29b8d20d3fc1b3139b,1
tur_dc00c5ec0ce0b85ca4f919b8d6176d2b,0
tur_3c48b0f73019a1a6a141d1b835fd213e,1
tur_deb79983755adf81f17a71ab5fd77df7,0
tur_a1f92397fcbe9803a9533f8801e614f2,0
tur_7db9487c6df004641ed470ca246529c2,1
tur_7edbf04e3a3ed82ee825184965486551,0
tur_b37fa4f87f45e185de37accb41fc514f,0
tur_553c7cec0f9052b7506de8eb6d7f043d,1
tur_47dbd76c15f2499d167c9dac3eb161a7,1
tur_59d619d9a018d61e94546fe5fab1514c,1
tur_7c6d44a61623bda07676e6efb8a52157,1
tur_4635f78ac28d579a08477965265dba32,1
tur_de4ca468ce60d09a69be93cbb71eaf8c,1
tur_dd1ee5a833bddd1bf4a7444191a5f753,1
tur_ec303bb486fa579147fba603ee45d9d5,1
tur_838a0a3e8e335a3013727e7e359b295f,1
tur_3f926e952b86b48bbcb25169ecc54ec1,1
tur_1fa01bd239c25a0151a9927886704e34,0
tur_e77f133bc16dc87f5eeb3d77b61a1711,0
tur_d2b6c806911169ee4af7307441c151e7,1
tur_f5c4ff10507a2c4a3530fd62a8933baf,0
tur_67c31054430f92577b80d6e5b30b7311,1
tur_353827390a3d94ff5e400ec1abdc7468,1
tur_658aab8b99f8b6fbd1a15257f08b535d,0
tur_2df3d2f67481f4bdb4bf14a95ac1c601,1
tur_2c60cb92903f34a8e62680c6502f2ca5,1
tur_5238989ab232bc0e3a692fdd4b09ff75,0
tur_99db1eed75ac849ab56bb5e27e2dfc32,1
tur_58d695f7f3a0931e3b9fcc9ae2a67303,1
tur_4444810ae6c3de7faac5d505870a893e,1
tur_267523ad26d24fe6d96f524374b576c6,0
tur_baa6d4c378e9d389ad9599fd22af7478,0
tur_12203cb3f604feade8a1f761ee8a5d33,0
tur_0d689944f2de758899553cc45f1cccd6,0
tur_2fec90145deb6e709a36ad71b5815391,0
tur_84b0f89bb5d16edf335e5796caa2193d,1
tur_76e2c7ce0ce7198431feef4e1889556a,1
tur_5a882ca214aa07801a65c1960d53a480,0
tur_1e11a794c900e4e0b29f401b58720b45,0
tur_64424e951ddfac990e482dc1983b8232,0
tur_61cc4a6e88e17454cb9a48b021929de3,1
tur_6ed4415ce0835e4c3a1695724bf0596e,0
tur_1030a5b193f7fd9ac15cd00963ce808c,1
tur_6a190a48e87955ef9210f3763c18d136,0
tur_14654cffba6cabeae6364afd3bb7fa76,1
tur_b54bbcab883793002245a157e8f1f315,0
tur_5c0096fd78230da68eca0d6bd2d68ab7,0
tur_4ea92b2cce951ce26bd28f00bc178915,1
tur_890c72983ce800390c449a08ce3adbd1,0
tur_4f5704cdee88435298f01dccf7acfd30,0
tur_173711bbfb84492a93bd5be7715083b9,0
tur_464aff67f1343db008896ca1433ca909,0
tur_d9875964f0546f8def445820554531d5,1
tur_1efd35046cb1962590115496fbf58c7b,0
tur_72305b06a0892425cfcb3fef2c1c2874,1
tur_9d434b4b8c97ef485c0dba19dd41fada,0
tur_bb0948f9b053030b363a779bb4c9e096,0
tur_8c9f852c5ca19dcf3fda46d8f8b1667a,0
tur_f8dad469a98b28487246ea9eea23e25f,1
tur_4bd39de364032fb80fb572dd573bdfda,0
tur_00861ccc97793c967eb9954f56420f9d,1
tur_42301ace57cc421fbc96401e05b4e7a5,0
tur_27199e3769b93acde34b5b19a79dd38e,0
tur_242026dcbbc5d6d34188ecb368832df9,1
tur_1ac95d29929ef078b25749171e9a9499,0
tur_7c0d5f9e0a6f2c11ff4ecf6acb7e2e65,0
tur_d3b0dbd6394cc587aed5aea6ad4c2997,1
tur_cc3845e65875bfaaed7aa70ead612435,0
tur_268b5d38c288f0bcef7a59b6637ecee9,0
tur_def80c76c56b76a3f9e7b73f818ef3e9,0
tur_05187487dc7235776b4b0f15361c3098,1
tur_41a81fa28cce1f9108ea0f189956ef80,1
tur_3ddb828c831f06438af6e3e9b476839c,1
tur_8f48df17b489a401e6168497c17d54c5,0
tur_5e793037829001de81313af1de81abc8,1
tur_ddd69e4b398bd614da179bc4e13ee252,1
tur_0044e9aaf00b076c08572ca60c9a7892,0
tur_b71facc0c9842432454bd889cc4e4183,1
tur_f84b272d1d144dae905e4da523b871f9,0
tur_bba4ac574060338365f478ceed8c4699,0
tur_b4e53af1ab34e820dbef64c01f077ab2,0
tur_260f51d6167556406d440a6b595ee6c9,0
tur_e18e501f9d42268afa753b42f7a0116f,1
tur_3ff3b1b93b287c0044219d822785259a,1
tur_3e10c4f401c6b53334f350f1a5398e5f,0
tur_6fc3e124167b5c1a2c5808b9f56d1778,1
