id,polarization
ori_35b12ec17ad1d69826d5b0bfbdc0732c,0
ori_385d2132dffefffd2c45f5b04ba82f98,1
ori_47c567fb066e2417bc760bcbb602b696,0
ori_7cd0ac85279832e65f54deda00e206bd,1
ori_5caff02f7b0649da9ed76c8d698424f9,0
ori_44e90e9973b859dc8e77a86a9a64ba8a,0
ori_5b338e6afb6cbdd1b2389b292d0c70b3,0
ori_e7b1360ecf15637a525611b03e95722a,0
ori_3ad1f19dd890c9d3c1cd6e1492bc8ce3,0
ori_73fbe65a1e89aa45dabc8fa451d5fa6c,0
ori_a28d4e9b4a33860019cced59f76f564f,0
ori_e436a2afa838129c83b38538f886bcdf,1
ori_85e14c2b012d80a217b43225fb434153,1
ori_d5e3d2a6f2a9c8c35df391b042c77101,1
ori_96f78beedc890a1fe7677cbebf9c1ad3,0
ori_5a6f4d2884d8ff85a50de389caaea081,1
ori_d65b95bc546e8b1c3d7f55ce17c408c0,0
ori_971f5398fbf208a12651c31af425a67d,0
ori_acdbb165bb810a2b84e1d1fdb7a5b775,0
ori_56696b480a961ce83a204e90bb69275a,1
ori_6edbd1220b3dcdd2ff31b31f5ba957ee,0
ori_09535eaff1ecf3c3b13e42bbaf77a283,0
ori_d0e8b2e90589f9ee519c6e2c64d79593,0
ori_0a23185209472b99c49e003378d5db1e,0
ori_0b004b64e6868e988514f038245d53d4,0
ori_47db1ca8182aae6ee91946404377e6b8,0
ori_db30699c9ff286e840ed03fc355ae414,0
ori_cfd2074cf4802bd5ff2c2b6c8ce54080,1
ori_67761b15736d1c24894511c8d65064f5,0
ori_eb84b5a3d06ec4e0c26cb2323d85fb93,0
ori_4f951f9751c96a400effc569583e7256,0
ori_3c1b90e06eca8bbf60718df50388e380,0
ori_391cce423a968c6492c1bc6ad71c3d90,0
ori_72cb94706e21fa45377d80f3f7afc37a,0
ori_a7d6542e9226f87f07eddc3587c9f5f0,0
ori_98f159467ae8195c5aac1ec0c8cf780e,1
ori_ce19ce8d58c2c57af36252df733ebb1a,0
ori_3177ad15e70267b434932ce2b448d27b,1
ori_16875c30a6e7f67fc0bd1e773c74c5e6,0
ori_1e7feff02dfad2a05b841487010552d6,0
ori_dbf7911b7e035ffc15dc6f1999bc5087,1
ori_0dcb94c75c385b3ccbb9d61764419b9a,0
ori_93ede705680395ec105207f0ec8fe2d7,0
ori_eb98da3c18f9124995a5026a05cb418e,0
ori_76402d243a58e9b9a568b8d745502ad7,0
ori_abcd5a48d1984923d01cbfecfd77c091,0
ori_0668e712dd954d3c1d2251857bf5987c,0
ori_7d996f6d13414daaa9ac50bcb1095906,0
ori_87f78892bdd8be6adc21563832b8a252,0
ori_9fee3b35450e75b03147ea7908d3fffb,0
ori_74ad8a59ad1e22838bb357cf1e74bbff,0
ori_f805c2a529272b57366af55c89c36d40,1
ori_29bb52a63d6e1ec3fc6ae17cde122433,1
ori_56ddf0010f655cfd004d3bbbe6506b61,0
ori_7f264f1a996d56b9c59e8369ef8edd8c,0
ori_3677d7ed5d6ba343c20375547ac4ac4f,0
ori_575138074ea542fde35c5d6b73f8cae0,0
ori_429d9527bd2db971091f7e48a71e4f2b,0
ori_a7f04ae67e6344426743c3bda36d01da,0
ori_242765a30c28790a8d131bc1a9ecef3a,0
ori_61f52cdffdcc08e565b936f5ccf0d384,0
ori_4abfbaf8d77e247cea342073a5ef5521,0
ori_2731ac2e2a85d704f7b9f40cad39c184,0
ori_1aefa6795540b1901f3c71c3705b8568,0
ori_eab3c4b382fae762731cd482283e0a0b,0
ori_12089ec7b420b5dc8a2ee368222f6018,0
ori_16c3eb6962cc6df1df0fa2da87aef015,0
ori_e681e6a4c53cdaffa0261928b7919b1a,0
ori_47b9943ea101986df63c8491780958e0,1
ori_43d673d5026b6c52490bca3479984e27,0
ori_0f6c75f69b660a561b6a9e09045b1ed9,0
ori_c078ef965ae4aacecb828f1bd933fc2b,0
ori_bd3148ee9672bde8830b989fba9be356,1
ori_ff3bb7cc6b140a0d60aeaf9d5998bb16,0
ori_50625915d59059e122cdd3e561d5c9c6,0
ori_4189af005bfd87650ce5a32f152c2020,0
ori_8ead88ac6d3133a34a82ad5fa1052156,0
ori_5ef3935c42052783aa37be68346d95b7,0
ori_4add48d068b7c77097317e1a1145c304,0
ori_fdb08c1d87def61481031c4270cd1953,0
ori_321e68fe1e1b8fb87fed68467183ff25,0
ori_48ce35be21ae9c0d12eb9fae87e58594,1
ori_c1247bfcad7f14e20020f06e61d41c3b,0
ori_9d85002f91908127c4c43a2855dcec14,0
ori_41608fa0cf21167e5226709dfa28265e,0
ori_4790df8763335c772f458c2df4e8f0f5,0
ori_cbc11529fe3a55b15f552ec7d5c47339,0
ori_af69e39d902f2ee3d701d320552e7c1e,0
ori_0009b88393c349c01c28508eddb4fa50,0
ori_d9ad7fb306125a2c7a639302e601eaf4,0
ori_d23c65526e578a8abaac233b2bf48d28,0
ori_eaf94594c7900a0f8371b8a479a60e20,0
ori_f0cabb8e13b07b15c77f440ed3d9345b,0
ori_13ab561d4613cfc47c841ba9f1518c07,0
ori_ca51e531b9d799b4a60b0e1625af0254,0
ori_2ba76297695771028e55733ba33e99a1,0
ori_c05923afb74353a0da35c1e62469051f,0
ori_035f2c3f021f94a4685b1afd27814709,0
ori_98c16560d44fb124f2af36ab385adfb3,0
ori_cb6af60cd402815a08cd512ef070c9cb,0
ori_7041a723fab45e9661e538ede11206b4,1
ori_8529b67f6e39e7b566ffde4dfbd5d397,0
ori_ca194e490476be3434fc6d4be4725a91,0
ori_1823f4606e1c12fb831b4bdd5e941522,0
ori_be4355e66581a16d512615d84619e232,1
ori_837e837fa0455000a4f7da415b5cb828,1
ori_4f29b56606b8235a13e38177f1b6c51d,0
ori_bba32e195b019313411ff043f3f06e83,0
ori_1d958b3a418e3f0dee163a50d0a1f884,0
ori_05918adffef4c0f3fbba3aed665829c6,0
ori_10269ed2a95b0784f54c33f5010da343,0
ori_c114145d69395f2c61f3914446274ee9,1
ori_8aa1ef50e8792147e5fd6f02234e2b49,0
ori_86b89fa1d0e3957670b5e6872cb135db,0
ori_a47c801248a9fc67715b6cc91cc19bef,0
ori_30f1a298e6cfc601a0e293b3e79a7b2f,0
ori_afcd14829f7168442c76f6df3cf38b23,0
ori_5d7dbf9ce95d4340be4bd59190580313,1
